id,name_en,name_bn,name_hi,name_kn,aliases,cuisine,category,unit,unit_label_en,grams_per_unit,carbs_g,fibre_g,protein_g,fat_g,kcal,gi_band,source,method,notes
white_rice_katori,Steamed white rice,ভাত,चावल (पका हुआ),ಅನ್ನ,rice;bhat;bhaat;bhath;chawal;chaawal;chaval;annam;anna;anna saaru;saadam;sadam;plain rice;steamed rice;boiled rice;cooked rice;white rice;sada bhat,pan,staple,katori,1 katori (150 g cooked),150,41.4,0.6,4.0,0.4,194,high,"USDA FDC 2708408 (FNDDS 2021-2023: Rice, white, cooked, no added fat); per-100 g x 150 g",per100g_scaled,"GI: Atkinson 2008 Table 1 white rice, boiled 73+/-4 (high)."
white_rice_plate,Steamed white rice (full plate),ভাত (এক থালা),चावल (एक प्लेट),ಅನ್ನ (ಒಂದು ತಟ್ಟೆ),rice plate;plate of rice;full plate rice;bhat thala;thali rice;rice meal,pan,staple,plate,1 plate (250 g cooked),250,69.0,1.0,6.7,0.7,322,high,"USDA FDC 2708408 (FNDDS 2021-2023: Rice, white, cooked, no added fat); per-100 g x 250 g",per100g_scaled,"GI: Atkinson 2008 Table 1 white rice, boiled 73+/-4 (high)."
brown_rice_katori,Brown rice,লাল চালের ভাত,ब्राउन राइस,ಕಂದು ಅಕ್ಕಿ ಅನ್ನ,brown rice;unpolished rice;hand pounded rice;brown chawal;lal chaler bhat,pan,staple,katori,1 katori (150 g cooked),150,37.1,1.5,3.6,1.7,184,medium,"USDA FDC 2708414 (FNDDS 2021-2023: Rice, brown, cooked, no added fat); per-100 g x 150 g",per100g_scaled,"GI: Atkinson 2008 Table 1 brown rice, boiled 68+/-4 (medium)."
jeera_rice_katori,Jeera rice,জিরে ভাত,जीरा राइस,ಜೀರಾ ರೈಸ್,jeera rice;jira rice;zeera rice;cumin rice;jeera pulao;jeera chawal,north,staple,katori,1 katori (150 g),150,35.4,2.1,3.7,4.8,203,unknown,INDB 2024 recipe BFP134 (Cumin pulao (Jeera/Zeera pulao)); per-100 g x 150 g,per100g_scaled,"INDB per-100 g values are per raw-ingredient weight (no yield factor); if the dish is reduced more than usual, true values per cooked gram are somewhat higher."
veg_pulao_katori,Vegetable pulao,সবজি পোলাও,वेज पुलाव,ವೆಜ್ ಪಲಾವ್,pulao;pulav;pilaf;veg pulao;veg pulav;vegetable pulav;polao;pulaw;tarkari pulao,pan,staple,katori,1 katori (150 g),150,26.2,4.0,4.1,5.0,170,unknown,INDB 2024 recipe ASC115 (Mixed vegetable pulao); per-100 g x 150 g,per100g_scaled,"INDB per-100 g values are per raw-ingredient weight (no yield factor); if the dish is reduced more than usual, true values per cooked gram are somewhat higher."
khichdi_plate,Khichdi (rice + moong dal),খিচুড়ি,खिचड़ी,ಕಿಚಡಿ,khichdi;khichri;khichuri;khichudi;khichari;kichdi;kitchari;moong dal khichdi;dal khichdi;bhuna khichuri,pan,staple,plate,1 plate (60 g rice + 20 g moong dal + 5 g ghee),350,57.6,4.9,9.9,5.8,327,unknown,"INDB 2024 recipe BFP144 (Plain khitchdi (Plain khichri/khichdi)); INDB per-serving values (1 small bowl, INDB serving weight 574 g)",direct,INDB serving weight 574 g includes 480 ml water before cooking; served weight ~350 g is an assumption. Bengali khichuri with extra oil/vegetables will be higher in fat.
veg_biryani_plate,Vegetable biryani,সবজি বিরিয়ানি,वेज बिरयानी,ವೆಜ್ ಬಿರಿಯಾನಿ,veg biryani;vegetable biryani;veg biriyani;vegetable biriyani;tahiri;tehri,north,staple,plate,1 plate (INDB serving),302,56.0,10.0,9.5,28.7,527,unknown,"INDB 2024 recipe ASC123 (Vegetable biryani/biriyani); INDB per-serving values (1 plate, INDB serving weight 302 g)",direct,INDB serving weight is the sum of raw ingredients (no cooking-loss/yield correction).
chicken_biryani_plate,Chicken biryani,চিকেন বিরিয়ানি,चिकन बिरयानी,ಚಿಕನ್ ಬಿರಿಯಾನಿ,chicken biryani;chicken biriyani;murgh biryani;murg biryani;kolkata biryani;hyderabadi biryani;dum biryani;donne biryani;biryani;biriyani,pan,staple,plate,1 plate (~330 g: 75 g raw rice + 100 g chicken),330,64.3,3.4,29.0,16.4,530,unknown,Recipe-derived: rice_raw 75 g [IFCT A015] + chicken 100 g [FDC 171052] + oil 6 g [FDC 171017] + ghee 6 g [FDC 2710168] + onion 40 g [IFCT G017] + curd 25 g [FDC 171284] + tomato 20 g [IFCT D075],recipe_derived,INDB has no chicken biryani; standard restaurant-style recipe. Kolkata biryani usually also contains a potato (+~15 g carbs).
mutton_biryani_plate,Mutton biryani,মটন বিরিয়ানি,मटन बिरयानी,ಮಟನ್ ಬಿರಿಯಾನಿ,mutton biryani;mutton biriyani;gosht biryani;lamb biryani;goat biryani,pan,staple,plate,1 plate (INDB serving),260,46.7,5.0,15.3,16.1,396,unknown,"INDB 2024 recipe ASC122 (Mutton biryani/biriyani); INDB per-serving values (1 plate, INDB serving weight 208 g)",direct,INDB serving weight 208 g excludes cooking water; ~260 g served is an estimate. INDB serving weight is the sum of raw ingredients (no cooking-loss/yield correction).
roti_piece,Roti / chapati (no ghee),রুটি,रोटी / चपाती,ಚಪಾತಿ,roti;chapati;chapathi;chappati;chapatti;chappathi;phulka;fulka;rooti;ruti;rutee;chapaati;wheat roti;atta roti;tawa roti;plain roti,pan,staple,piece,1 medium roti (40 g; from 30 g atta),40,19.3,3.4,3.2,0.5,96,medium,Recipe-derived: atta 30 g [IFCT A019],recipe_derived,GI: Atkinson 2008 Table 1 lists Chapatti 52+/-4 and Wheat roti 62+/-3; banded 'medium' (conservative upper value). Recipe uses IFCT atta (INDB ASC096 is a smaller 36 g-dough chapati with ghee: 73 kcal).
roti_ghee_piece,Roti with ghee,ঘি দেওয়া রুটি,घी वाली रोटी,ತುಪ್ಪದ ಚಪಾತಿ,ghee roti;roti with ghee;chapati with ghee;chupadi roti;butter roti;ghee chapati,north,staple,piece,1 medium roti + 1/2 tsp ghee (43 g),43,19.3,3.4,3.2,3.4,122,medium,Recipe-derived: atta 30 g [IFCT A019] + ghee 3 g [FDC 2710168],recipe_derived,GI: Atkinson 2008 Table 1 lists Chapatti 52+/-4 and Wheat roti 62+/-3; banded 'medium' (conservative upper value). Added fat may lower GI further; band kept conservative.
paratha_piece,Plain paratha,পরোটা,पराठा,ಪರೋಟ,paratha;parantha;paratha plain;tawa paratha;lachha paratha;tikona paratha;porota;parota,north,staple,piece,1 paratha (INDB serving),56,17.1,3.0,2.8,9.4,166,unknown,"INDB 2024 recipe ASC097 (Plain parantha/paratha); INDB per-serving values (1 parantha, INDB serving weight 56 g)",direct,"INDB serving weight is the sum of raw ingredients (no cooking-loss/yield correction). Layered maida 'porota/parotta' is a different, richer item."
aloo_paratha_piece,Aloo paratha,আলু পরোটা,आलू पराठा,ಆಲೂ ಪರೋಟ,aloo paratha;alu paratha;aloo parantha;potato paratha;aloo ka paratha;allu paratha;aaloo paratha,north,breakfast,piece,1 paratha (INDB serving),93,22.3,3.9,3.5,9.5,191,unknown,"INDB 2024 recipe ASC098 (Potato parantha/paratha (Aloo ka parantha/paratha)); INDB per-serving values (1 parantha, INDB serving weight 93 g)",direct,INDB serving weight is the sum of raw ingredients (no cooking-loss/yield correction).
paneer_paratha_piece,Paneer paratha,পনির পরোটা,पनीर पराठा,ಪನೀರ್ ಪರೋಟ,paneer paratha;paneer parantha;cottage cheese paratha,north,breakfast,piece,1 paratha (INDB serving),85,20.7,3.4,6.8,12.4,224,unknown,"INDB 2024 recipe ASC105 (Paneer parantha/paratha); INDB per-serving values (1 parantha, INDB serving weight 85 g)",direct,INDB serving weight is the sum of raw ingredients (no cooking-loss/yield correction).
puri_piece,Puri,পুরি,पूरी,ಪೂರಿ,puri;poori;pooree;puree;wheat puri;atta puri;puri bhaji;poori masala,pan,staple,piece,"1 puri (~12 cm, 36 g; FNDDS portion)",36,12.9,1.3,2.5,9.0,147,unknown,"USDA FDC 2707714 (FNDDS 2021-2023: Bread, puri); per-100 g x 36 g",per100g_scaled,"USDA FNDDS 'Bread, puri' (as-eaten, includes absorbed frying oil). INDB puri (ASC107) not used: it counts all frying oil."
luchi_piece,Luchi (maida puri),লুচি,लूची,ಲುಚಿ,luchi;loochi;luchie;luchi bengali;maida puri;radhaballavi,bengali,staple,piece,1 luchi (~22 g),22,11.1,0.4,1.6,5.6,101,unknown,Recipe-derived: maida 15 g [IFCT A018] + oil 5.5 g [FDC 171017],recipe_derived,"1 g oil in dough + 4.5 g absorbed oil; gives ~25% fat by weight, matching USDA FNDDS puri (24.9 g fat/100 g). Frying-oil uptake is an assumption (see SOURCES.md); actual values vary with cook and oil temperature."
naan_piece,Naan,নান,नान,ನಾನ್,naan;nan;nann;butter naan;tandoori naan;plain naan;garlic naan,north,staple,piece,1 naan (~90 g),90,40.5,4.7,10.0,6.6,280,unknown,"USDA FDC 2707613 (FNDDS 2021-2023: Bread, naan); per-100 g x 90 g",per100g_scaled,90 g assumed for an Indian restaurant naan (FNDDS full 10-inch naan = 177 g). Butter naan adds ~5 g fat.
jowar_roti_piece,Jowar roti / bhakri,জোয়ারের রুটি,ज्वार की रोटी / भाकरी,ಜೋಳದ ರೊಟ್ಟಿ,jowar roti;jowar bhakri;bhakri;bhakhri;jolada rotti;jolad rotti;jolada roti;jonna rotte;jwari bhakri;sorghum roti;jowar chapati,karnataka,staple,piece,1 roti (~55 g; from 40 g jowar flour),55,27.1,4.1,4.0,0.7,134,unknown,Recipe-derived: jowar 40 g [IFCT A005],recipe_derived,Cooked weight ~55 g is an estimate; macros depend only on flour weight.
bajra_roti_piece,Bajra roti,বাজরার রুটি,बाजरे की रोटी,ಸಜ್ಜೆ ರೊಟ್ಟಿ,bajra roti;bajre ki roti;bajra bhakri;bajri bhakri;sajje rotti;pearl millet roti;kambu roti,north,staple,piece,1 roti (~55 g; from 40 g bajra flour),55,24.7,4.6,4.4,2.2,139,unknown,Recipe-derived: bajra 40 g [IFCT A003],recipe_derived,Cooked weight is an estimate; macros depend only on flour weight.
makki_roti_piece,Makki ki roti,ভুট্টার রুটি,मक्की की रोटी,ಮೆಕ್ಕೆಜೋಳದ ರೊಟ್ಟಿ,makki ki roti;makki di roti;makki roti;makai roti;maize roti;corn roti,north,staple,piece,1 roti with butter (INDB serving),85,20.6,4.4,3.0,14.3,224,unknown,"INDB 2024 recipe ASC150 (Makki ki roti); INDB per-serving values (1 roti, INDB serving weight 85 g)",direct,INDB serving weight is the sum of raw ingredients (no cooking-loss/yield correction).
ragi_mudde_piece,Ragi mudde (finger millet ball),রাগি মুদ্দে,रागी मुद्दे,ರಾಗಿ ಮುದ್ದೆ,ragi mudde;ragi muddhe;ragi ball;mudde;ragi kali;ragi sangati;ragi kazhi;finger millet ball;nachni ball,karnataka,staple,piece,1 ball (~180 g; from 60 g ragi flour),180,40.1,6.7,4.3,1.2,192,unknown,Recipe-derived: ragi 60 g [IFCT A010] + water 120 g,recipe_derived,Ball size varies widely (40-100 g flour); 60 g flour assumed. Macros scale with flour.
ragi_roti_piece,Ragi roti,রাগি রুটি,रागी रोटी,ರಾಗಿ ರೊಟ್ಟಿ,ragi rotti;ragi roti;nachni roti;finger millet roti;ragi akki rotti,karnataka,staple,piece,1 roti (~65 g; from 40 g ragi flour),65,28.2,4.8,3.1,3.8,162,unknown,Recipe-derived: ragi 40 g [IFCT A010] + onion 15 g [IFCT G017] + oil 3 g [FDC 171017],recipe_derived,Cooked weight is an estimate.
akki_roti_piece,Akki roti (rice-flour roti),চালের আটার রুটি,चावल के आटे की रोटी,ಅಕ್ಕಿ ರೊಟ್ಟಿ,akki rotti;akki roti;rice rotti;rice roti;rice flour roti;chawal ki roti,karnataka,breakfast,piece,1 roti (~75 g; from 40 g rice flour),75,32.8,1.8,2.8,6.7,209,unknown,Recipe-derived: rice_flour 40 g [FDC 169714] + onion 15 g [IFCT G017] + coconut 5 g [IFCT H007] + oil 4 g [FDC 171017],recipe_derived,Cooked weight is an estimate.
idli_piece,Idli,ইডলি,इडली,ಇಡ್ಲಿ,idli;idly;iddli;idlee;itli;rice idli;plain idli;thatte idli,south,breakfast,piece,1 idli (38 g; FNDDS portion),38,10.7,0.9,1.8,0.1,52,unknown,INDB 2024 recipe ASC144 (Idli); per-100 g x 38 g,per100g_scaled,"INDB batter includes its water, and steaming changes weight little. Thatte idli is ~2.5x larger."
dosa_piece,Plain dosa,দোসা,डोसा,ದೋಸೆ,dosa;dosai;dose;dhosa;thosai;plain dosa;sada dosa;benne dose;butter dosa,south,breakfast,piece,1 medium dosa (INDB serving; ~80 g cooked),80,23.1,1.9,3.7,3.0,138,unknown,"INDB 2024 recipe BFP148 (Plain dosa); INDB per-serving values (1 dosa, INDB serving weight 36 g)",direct,INDB recipe = 32.5 g rice + 7.5 g urad dal + ~3.75 g butter per dosa. Cooked weight from FNDDS 'medium dosa' (80 g).
masala_dosa_piece,Masala dosa,মসলা দোসা,मसाला डोसा,ಮಸಾಲೆ ದೋಸೆ,masala dosa;masala dose;masale dose;mysore masala dosa;masal dosa;masala dosai,south,breakfast,piece,1 masala dosa (INDB serving),210,41.0,5.3,6.9,16.4,345,unknown,"INDB 2024 recipe ASC146 (Masala dosa); INDB per-serving values (1 dosa, INDB serving weight 210 g)",direct,INDB serving weight is the sum of raw ingredients (no cooking-loss/yield correction).
set_dosa_piece,Set dosa (1 piece),সেট দোসা,सेट डोसा,ಸೆಟ್ ದೋಸೆ,set dosa;set dose;sponge dosa;spongy dosa;set dosai,karnataka,breakfast,piece,1 piece (~70 g; usually served as 3),70,27.5,1.5,3.7,2.3,148,unknown,Recipe-derived: rice_raw 25 g [IFCT A015] + urad_dal 5 g [IFCT B003] + rice_flakes 7 g [IFCT A011] + oil 2 g [FDC 171017],recipe_derived,Cooked weight is an estimate.
rava_dosa_piece,Rava dosa,রাভা দোসা,रवा डोसा,ರವೆ ದೋಸೆ,rava dosa;rawa dosa;rava dose;suji dosa;semolina dosa;onion rava dosa,south,breakfast,piece,1 dosa (INDB serving),73,24.1,3.0,5.4,5.2,167,unknown,"INDB 2024 recipe ASC147 (Semolina dosa (Suji/Rava dosa)); INDB per-serving values (1 dosa, INDB serving weight 73 g)",direct,INDB serving weight is the sum of raw ingredients (no cooking-loss/yield correction).
neer_dosa_piece,Neer dosa,নীর দোসা,नीर डोसा,ನೀರ್ ದೋಸೆ,neer dosa;neer dose;neeru dose;water dosa,karnataka,breakfast,piece,1 piece (~45 g; from 20 g rice),45,15.8,0.9,1.7,2.3,92,unknown,Recipe-derived: rice_raw 20 g [IFCT A015] + coconut 3 g [IFCT H007] + oil 1 g [FDC 171017],recipe_derived,Cooked weight is an estimate.
uttapam_piece,Uttapam,উত্তাপম,उत्तपम,ಉತ್ತಪ್ಪ,uttapam;uthappam;uttappa;oothappam;onion uttapam;uthapam,south,breakfast,piece,1 uttapam (INDB serving),68,24.7,3.0,4.2,6.1,174,unknown,"INDB 2024 recipe BFP152 (Uttapam); INDB per-serving values (1 uttapam, INDB serving weight 68 g)",direct,INDB serving weight is the sum of raw ingredients (no cooking-loss/yield correction).
upma_katori,Upma (rava),উপমা,उपमा,ಉಪ್ಪಿಟ್ಟು,upma;uppittu;uppit;khara bath;khara bhath;rava upma;suji upma;upuma;uppuma,south,breakfast,katori,1 katori (150 g),150,24.5,4.9,5.0,11.2,222,unknown,INDB 2024 recipe BFP039 (Semolina upma (Suji/Rava upma)); per-100 g x 150 g,per100g_scaled,"INDB per-100 g values are per raw-ingredient weight (no yield factor); if the dish is reduced more than usual, true values per cooked gram are somewhat higher."
poha_plate,Poha (vegetable poha),চিঁড়ের পোলাও,पोहा,ಅವಲಕ್ಕಿ ಒಗ್ಗರಣೆ,poha;pohe;kanda poha;batata poha;aval upma;avalakki;avalakki oggarane;chire pulao;chirer polao;beaten rice upma,pan,breakfast,plate,1 plate (150 g),150,32.3,5.6,7.3,12.1,271,unknown,INDB 2024 recipe BFP045 (Vegetable poha); per-100 g x 150 g,per100g_scaled,"INDB per-100 g values are per raw-ingredient weight (no yield factor); if the dish is reduced more than usual, true values per cooked gram are somewhat higher."
rava_idli_piece,Rava idli,রাভা ইডলি,रवा इडली,ರವೆ ಇಡ್ಲಿ,rava idli;rava idly;suji idli;semolina idli;rawa idli,karnataka,breakfast,piece,1 rava idli (INDB serving),45,10.0,1.7,2.8,1.0,61,unknown,"INDB 2024 recipe BFP579 (Semolina idli (Suji/Rava idli)); INDB per-serving values (1 idli, INDB serving weight 30 g)",direct,INDB serving weight 30 g excludes water; ~45 g served is an estimate. INDB serving weight is the sum of raw ingredients (no cooking-loss/yield correction).
bisi_bele_bath_plate,Bisi bele bath,বিসি বেলে বাথ,बिसी बेले भात,ಬಿಸಿ ಬೇಳೆ ಬಾತ್,bisi bele bath;bisibelebath;bisi bele baath;bisibele bhath;bisi bele bhaat;sambar rice;sambar sadam;sambar bath,karnataka,staple,plate,1 plate (~300 g),300,64.3,7.7,13.0,12.8,431,unknown,Recipe-derived: rice_raw 50 g [IFCT A015] + toor_dal 25 g [IFCT B021] + carrot 20 g [IFCT F002] + beans 20 g [IFCT D049] + peas_fresh 15 g [IFCT D061] + potato 15 g [IFCT F006] + onion 15 g [IFCT G017] + tamarind 5 g [IFCT E064] + oil 5 g [FDC 171017] + ghee 5 g [FDC 2710168] + groundnut 5 g [IFCT H012],recipe_derived,INDB has no bisi bele bath. Spice powder (~5 g) omitted. Served weight is an estimate.
puliyogare_plate,Puliyogare (tamarind rice),তেঁতুল ভাত,इमली चावल,ಪುಳಿಯೋಗರೆ,puliyogare;puliogare;puliyodharai;pulihora;tamarind rice;huli anna;imli chawal;puli sadam,karnataka,staple,plate,1 plate (INDB serving: from 80 g raw rice),250,83.2,6.5,9.5,10.9,477,unknown,"INDB 2024 recipe ASC127 (Tamarind rice (Chintapandu pulihora/Puliyodharai/Puli sadam/Huli anna)); INDB per-serving values (1 plate, INDB serving weight 128 g)",direct,"INDB recipe lists no cooking water, so its serving weight understates the served weight; grams_per_unit is an estimated served weight. Macros are INDB per-serving and do not depend on it."
lemon_rice_plate,Lemon rice (chitranna),লেবু ভাত,नींबू चावल,ಚಿತ್ರಾನ್ನ,lemon rice;chitranna;chitrannam;elumichai sadam;nimbu chawal;nimbe chitranna,karnataka,staple,plate,1 plate (INDB serving: from 80 g raw rice + 25 g peanuts),300,69.0,8.1,13.6,25.1,563,unknown,"INDB 2024 recipe ASC124 (Lemon rice (Pulihora, Elumichai sadam, Chitranna)); INDB per-serving values (1 plate, INDB serving weight 319 g)",direct,INDB weight 319 g incl. 160 g cooking water; ~300 g served assumed. Macros are INDB per-serving.
vangi_bath_plate,Vangi bath (brinjal rice),বেগুন ভাত,वांगी भात,ವಾಂಗಿ ಬಾತ್,vangi bath;vangibath;vangi bhath;vaangi bath;brinjal rice;eggplant rice;baingan rice,karnataka,staple,plate,1 plate (INDB serving: from 80 g raw rice),291,92.4,12.9,15.4,10.7,538,unknown,"INDB 2024 recipe BFP132 (Eggplant/Brinjal rice (Vangi bhat)); INDB per-serving values (1 plate, INDB serving weight 291 g)",direct,INDB serving weight is the sum of raw ingredients (no cooking-loss/yield correction).
curd_rice_plate,Curd rice,দই ভাত,दही चावल,ಮೊಸರನ್ನ,curd rice;mosaranna;mosaru anna;thayir sadam;thair sadam;dahi chawal;dahi bhaat;doi bhat;daddojanam,south,staple,plate,1 plate (INDB serving: from 80 g raw rice),300,71.2,4.6,12.4,9.3,423,unknown,"INDB 2024 recipe ASC126 (Curd rice (Dahi bhaat/Dahi chawal/ Perugu annam/Daddojanam/Thayir saadam)); INDB per-serving values (1 plate, INDB serving weight 216 g)",direct,"INDB recipe lists no cooking water, so its serving weight understates the served weight; grams_per_unit is an estimated served weight. Macros are INDB per-serving and do not depend on it."
bread_white_slice,White bread (1 slice),পাউরুটি,ब्रेड (सफ़ेद),ಬ್ರೆಡ್,bread;white bread;pauruti;pau ruti;double roti;sandwich bread;bread slice;toast;bread toast,pan,staple,piece,1 slice (25 g),25,11.7,0.7,2.2,0.8,66,high,"USDA FDC 174924 (SR Legacy: Bread, white, commercially prepared (includes soft bread crumbs)); per-100 g x 25 g",per100g_scaled,GI: Atkinson 2008 Table 1 white wheat bread 75+/-2 (high).
bread_brown_slice,Whole-wheat (brown) bread (1 slice),ব্রাউন ব্রেড,ब्राउन ब्रेड,ಬ್ರೌನ್ ಬ್ರೆಡ್,brown bread;whole wheat bread;wholemeal bread;atta bread;wheat bread,pan,staple,piece,1 slice (28 g),28,10.3,1.7,3.5,1.0,71,high,"USDA FDC 172688 (SR Legacy: Bread, whole-wheat, commercially prepared); per-100 g x 28 g",per100g_scaled,GI: Atkinson 2008 Table 1 whole wheat/whole meal bread 74+/-2 (high).
chira_dry_katori,"Flattened rice (chira / poha), dry",চিঁড়ে,चिवड़ा / पोहा (सूखा),ಅವಲಕ್ಕಿ,chira;chire;chida;chura;chiwda;chivda raw;poha raw;aval;avalakki;beaten rice;flattened rice;rice flakes,pan,staple,katori,1 katori dry (40 g),40,30.7,1.4,3.0,0.5,141,unknown,"IFCT 2017 A011 (Rice, flakes); per-100 g x 40 g",per100g_scaled,Dry weight; when soaked it roughly doubles in weight with no added nutrients.
muri_cup,Puffed rice (muri),মুড়ি,मुरमुरे,ಮಂಡಕ್ಕಿ,muri;moori;murmura;murmure;mamra;kurmura;puffed rice;mandakki;kadlepuri;pori;borugulu;laiya,pan,snack,cup,1 cup (20 g),20,15.5,0.5,1.5,0.3,72,unknown,"IFCT 2017 A012 (Rice, puffed); per-100 g x 20 g",per100g_scaled,Very light; 1 cup ~ 20 g.
jhal_muri_bowl,Jhal muri,ঝালমুড়ি,झालमुड़ी,ಚುರುಮುರಿ,jhal muri;jhalmuri;jhaal muri;masala muri;muri makha;churmuri;churumuri;bhel;dry bhel,bengali,snack,bowl,1 bowl (~90 g),90,29.3,3.2,5.6,8.0,214,unknown,Recipe-derived: rice_puffed 30 g [IFCT A012] + onion 15 g [IFCT G017] + cucumber 15 g [IFCT D043] + tomato 10 g [IFCT D075] + groundnut 8 g [IFCT H012] + chana_dal 5 g [IFCT B001] + mustard_oil 4 g [FDC 172337],recipe_derived,Roasted chana approximated by raw chana dal. Chanachur/sev toppings (if added) increase fat and kcal.
chire_doi_bowl,"Chire doi (flattened rice with curd, banana, jaggery)",চিঁড়ে দই,दही चूड़ा,ಮೊಸರು ಅವಲಕ್ಕಿ,chire doi;doi chire;chira doi;dahi chura;dahi chiwda;mosaru avalakki;curd poha;phalahar,bengali,breakfast,bowl,1 bowl (~200 g),200,55.7,2.4,7.2,3.9,290,unknown,Recipe-derived: rice_flakes 40 g [IFCT A011] + curd 100 g [FDC 171284] + banana 50 g [IFCT E012] + jaggery 10 g [IFCT I001],recipe_derived,
dal_moong_katori,Moong dal,মুগ ডাল,मूंग दाल,ಹೆಸರು ಬೇಳೆ ತೊವ್ವೆ,moong dal;mung dal;moong ki dal;muger dal;mug dal;moog dal;hesaru bele;hesarubele togge;pesara pappu;yellow moong dal;dhuli moong dal,pan,dal,katori,1 katori (150 g),150,8.9,1.8,4.0,2.5,75,unknown,INDB 2024 recipe ASC151 (Washed moong dal (Dhuli moong ki dal)); per-100 g x 150 g,per100g_scaled,"INDB recipe: 30 g moong dal + 1 tsp oil + 1 cup water per bowl (thin home-style dal). INDB per-100 g values are per raw-ingredient weight (no yield factor); if the dish is reduced more than usual, true values per cooked gram are somewhat higher."
dal_masoor_katori,Masoor dal,মুসুর ডাল,मसूर दाल,ಮಸೂರ್ ಬೇಳೆ ಸಾರು,masoor dal;masur dal;musur dal;mosur dal;mushur dal;red lentil dal;lentil dal;lal dal;dal bengali,pan,dal,katori,1 katori (150 g),150,8.1,3.0,3.4,3.8,81,unknown,INDB 2024 recipe ASC157 (Whole masoor (Masoor ki dal)); per-100 g x 150 g,per100g_scaled,"INDB recipe uses whole masoor (30 g) with tomato/onion and 2 tsp oil; split masoor dal has similar macros. INDB per-100 g values are per raw-ingredient weight (no yield factor); if the dish is reduced more than usual, true values per cooked gram are somewhat higher."
dal_toor_katori,Toor / arhar dal (dal tadka),অড়হর ডাল,अरहर / तूर दाल,ತೊಗರಿ ಬೇಳೆ ಸಾರು,toor dal;tur dal;tuvar dal;toovar dal;arhar dal;arahar dal;orhor dal;dal tadka;dal fry;yellow dal;tadka dal;togari bele;togari bele saaru;paruppu;pappu;dal,pan,dal,katori,1 katori (150 g; from 25 g dry dal),150,15.4,2.8,5.7,4.5,126,unknown,Recipe-derived: toor_dal 25 g [IFCT B021] + tomato 20 g [IFCT D075] + onion 10 g [IFCT G017] + ghee 2 g [FDC 2710168] + oil 2 g [FDC 171017] + water 91 g,recipe_derived,INDB has no plain toor dal; standard recipe. Restaurant dal fry/tadka often has 2-3x the fat.
dal_chana_katori,Chana dal,ছোলার ডাল (উত্তর ভারতীয়),चना दाल,ಕಡಲೆ ಬೇಳೆ ಸಾರು,chana dal;channa dal;chane ki dal;chana dal tadka;kadale bele;senaga pappu;bengal gram dal,north,dal,katori,1 katori (150 g),150,15.0,5.6,6.2,6.9,150,unknown,INDB 2024 recipe OSR142 (Split bengal gram dal (Channa dal)); per-100 g x 150 g,per100g_scaled,"INDB per-100 g values are per raw-ingredient weight (no yield factor); if the dish is reduced more than usual, true values per cooked gram are somewhat higher."
cholar_dal_katori,Cholar dal (Bengali chana dal with coconut),ছোলার ডাল,छोलार दाल,ಛೋಲಾರ್ ದಾಲ್,cholar dal;cholar daal;chholar dal;narkel diye cholar dal;bengali chana dal,bengali,dal,katori,1 katori (150 g; from 30 g dry dal),150,18.9,5.5,6.8,9.9,193,unknown,Recipe-derived: chana_dal 30 g [IFCT B001] + coconut 8 g [IFCT H007] + sugar 3 g [FDC 169655] + ghee 3 g [FDC 2710168] + oil 2 g [FDC 171017] + raisins 2 g [IFCT E057] + water 102 g,recipe_derived,"Standard Bengali recipe (sweetish, with coconut and raisins)."
dal_makhani_katori,Dal makhani,ডাল মাখানি,दाल मखनी,ದಾಲ್ ಮಖನಿ,dal makhani;dal makhni;daal makhani;maa ki dal;kali dal;black dal;dal bukhara,north,dal,katori,1 katori (150 g),150,11.9,3.4,5.0,4.6,111,unknown,INDB 2024 recipe OSR139 (Dal makhani); per-100 g x 150 g,per100g_scaled,"INDB recipe includes 4 cups water before simmering; restaurant dal makhani is more reduced and richer (likely 1.5-2x). INDB per-100 g values are per raw-ingredient weight (no yield factor); if the dish is reduced more than usual, true values per cooked gram are somewhat higher."
sambar_katori,Sambar,সাম্বার,सांभर,ಸಾಂಬಾರ್,sambar;sambhar;saambar;saambaar;huli;tiffin sambar;sambar dal;kuzhambu;mixed veg sambar,south,dal,katori,1 katori (150 g),150,15.9,5.3,5.0,6.6,145,unknown,INDB 2024 recipe ASC167 (Sambar); per-100 g x 150 g,per100g_scaled,"INDB per-100 g values are per raw-ingredient weight (no yield factor); if the dish is reduced more than usual, true values per cooked gram are somewhat higher."
rasam_katori,Rasam / saaru,রসম,रसम,ಸಾರು,rasam;saaru;saru;charu;chaaru;tomato rasam;pepper rasam;tili saaru;puli rasam;rasam saaru,south,dal,katori,1 katori (150 g),150,5.1,2.4,1.7,1.3,40,unknown,INDB 2024 recipe BFP176 (Rasam with tamarind (Puli rasam/ Chintapandu rasam/ Charu/Saaru)); per-100 g x 150 g,per100g_scaled,
rajma_katori,Rajma (kidney bean curry),রাজমা,राजमा,ರಾಜ್ಮಾ,rajma;rajmah;rajma masala;rajma curry;kidney beans curry;red beans curry;rajma chawal,north,dal,katori,1 katori (INDB serving: from 30 g dry rajma),150,19.6,7.0,7.1,6.9,172,unknown,"INDB 2024 recipe ASC165 (Kidney bean curry (Rajmah curry)); INDB per-serving values (1 bowl, INDB serving weight 120 g)",direct,"INDB recipe lists no cooking water, so its serving weight understates the served weight; grams_per_unit is an estimated served weight. Macros are INDB per-serving and do not depend on it."
chole_katori,Chole (chickpea curry),ছোলে / কাবুলি ছোলার তরকারি,छोले,ಚೋಲೆ,chole;chhole;cholle;chana masala;channa masala;kabuli chana;chickpea curry;pindi chole;safed chana;chole masala;kadale curry,north,dal,katori,1 katori (INDB serving: from 30 g dry chickpeas),150,24.0,5.7,7.3,8.2,196,unknown,"INDB 2024 recipe ASC162 (Chickpeas curry (Safed channa curry)); INDB per-serving values (1 bowl, INDB serving weight 120 g)",direct,"INDB recipe lists no cooking water, so its serving weight understates the served weight; grams_per_unit is an estimated served weight. Macros are INDB per-serving and do not depend on it."
kala_chana_katori,Kala chana curry (black chickpea),কালো ছোলার তরকারি,काले चने,ಕರಿ ಕಡಲೆ ಸಾರು,kala chana;kale chane;black chana;black chickpea curry;kadala curry;kala chana masala;bengal gram curry,north,dal,katori,1 katori (INDB serving: from ~30 g dry chana),150,16.9,9.6,6.8,7.9,169,unknown,"INDB 2024 recipe ASC161 (Black channa curry/Bengal gram curry (Kale chane ki curry)); INDB per-serving values (1 bowl, INDB serving weight 120 g)",direct,"INDB recipe lists no cooking water, so its serving weight understates the served weight; grams_per_unit is an estimated served weight. Macros are INDB per-serving and do not depend on it."
ghugni_katori,Ghugni (dried yellow pea curry),ঘুগনি,घुगनी,ಘುಗ್ನಿ,ghugni;ghoogni;ghugni chaat;matar ghugni;yellow peas curry;dried peas curry;ragda,bengali,dal,katori,1 katori (150 g; from 30 g dry peas),150,18.7,5.9,6.7,5.7,155,unknown,Recipe-derived: peas_dry 30 g [IFCT B017] + potato 15 g [IFCT F006] + onion 15 g [IFCT G017] + tomato 10 g [IFCT D075] + mustard_oil 5 g [FDC 172337] + water 75 g,recipe_derived,Standard home recipe.
kadhi_katori,Kadhi (without pakodi),কড়ি,कढ़ी,ಮಜ್ಜಿಗೆ ಹುಳಿ,kadhi;kadi;karhi;punjabi kadhi;gujarati kadhi;kadhi chawal;majjige huli;mor kuzhambu;more kuzhambu,north,curry,katori,1 katori (150 g),150,6.6,0.9,3.9,6.5,103,unknown,Recipe-derived: curd 60 g [FDC 171284] + besan 8 g [FDC 174288] + oil 2 g [FDC 171017] + ghee 2 g [FDC 2710168] + water 78 g,recipe_derived,INDB kadhi (ASC168) not used: it counts all pakodi frying oil. Add a pakora row for kadhi-pakora.
palak_paneer_katori,Palak paneer,পালং পনির,पालक पनीर,ಪಾಲಕ್ ಪನೀರ್,palak paneer;saag paneer;spinach paneer;palak panir;palong paneer,north,curry,katori,1 katori (150 g),150,6.6,2.9,6.1,7.1,117,unknown,INDB 2024 recipe ASC215 (Spinach paneer (Palak paneer)); per-100 g x 150 g,per100g_scaled,"Home-style INDB recipe; restaurant versions with cream/butter are richer. INDB per-100 g values are per raw-ingredient weight (no yield factor); if the dish is reduced more than usual, true values per cooked gram are somewhat higher."
paneer_butter_masala_katori,Paneer butter masala,পনির বাটার মসলা,पनीर बटर मसाला,ಪನೀರ್ ಬಟರ್ ಮಸಾಲ,paneer butter masala;paneer makhani;paneer makhanwala;butter paneer;paneer in butter sauce;shahi paneer,north,curry,katori,1 katori (150 g),150,14.6,2.2,10.5,13.2,218,unknown,INDB 2024 recipe ASC222 (Paneer in butter sauce); per-100 g x 150 g,per100g_scaled,"INDB 'Paneer in butter sauce'; restaurant versions often contain more cream/butter. INDB per-100 g values are per raw-ingredient weight (no yield factor); if the dish is reduced more than usual, true values per cooked gram are somewhat higher."
matar_paneer_katori,Matar paneer,মটর পনির,मटर पनीर,ಮಟರ್ ಪನೀರ್,matar paneer;mutter paneer;peas paneer;paneer matar;motor paneer,north,curry,katori,1 katori (150 g),150,13.9,4.9,9.9,11.6,202,unknown,INDB 2024 recipe ASC191 (Pea paneer curry (Matar paneer)); per-100 g x 150 g,per100g_scaled,"INDB per-100 g values are per raw-ingredient weight (no yield factor); if the dish is reduced more than usual, true values per cooked gram are somewhat higher."
kadai_paneer_katori,Kadai paneer,কড়াই পনির,कड़ाही पनीर,ಕಡಾಯಿ ಪನೀರ್,kadai paneer;kadhai paneer;karahi paneer;paneer kadai,north,curry,katori,1 katori (150 g),150,11.0,3.1,6.5,10.2,162,unknown,INDB 2024 recipe ASC226 (Kadhai Paneer); per-100 g x 150 g,per100g_scaled,"INDB per-100 g values are per raw-ingredient weight (no yield factor); if the dish is reduced more than usual, true values per cooked gram are somewhat higher."
aloo_sabzi_katori,Aloo sabzi (potato curry),আলুর তরকারি,आलू की सब्ज़ी,ಆಲೂಗಡ್ಡೆ ಪಲ್ಯ,aloo sabzi;aloo ki sabji;alu sabji;aloo bhaji;potato curry;potato sabzi;aloo tarkari;alur torkari;alur dom;batata bhaji;poori bhaji;aloo palya,pan,veg,katori,1 katori (150 g),150,15.6,3.6,2.3,6.7,134,unknown,INDB 2024 recipe BFP239 (Potato curry (Aloo ki sabzi)); per-100 g x 150 g,per100g_scaled,"INDB per-100 g values are per raw-ingredient weight (no yield factor); if the dish is reduced more than usual, true values per cooked gram are somewhat higher."
aloo_gobi_katori,Aloo gobi,আলু ফুলকপির তরকারি,आलू गोभी,ಆಲೂ ಗೋಬಿ,aloo gobi;aloo gobhi;alu gobi;potato cauliflower;phulkopir torkari;gobi aloo;cauliflower curry,north,veg,katori,1 katori (150 g),150,9.0,4.5,2.8,12.2,159,unknown,INDB 2024 recipe ASC171 (Potato cauliflower (Aloo gobhi)); per-100 g x 150 g,per100g_scaled,"INDB per-100 g values are per raw-ingredient weight (no yield factor); if the dish is reduced more than usual, true values per cooked gram are somewhat higher."
aloo_matar_katori,Aloo matar,আলু মটর,आलू मटर,ಆಲೂ ಮಟರ್,aloo matar;aloo mutter;alu matar;potato peas curry;matar aloo,north,veg,katori,1 katori (150 g),150,14.6,5.4,5.2,7.7,151,unknown,INDB 2024 recipe ASC190 (Pea potato curry (Aloo matar)); per-100 g x 150 g,per100g_scaled,"INDB per-100 g values are per raw-ingredient weight (no yield factor); if the dish is reduced more than usual, true values per cooked gram are somewhat higher."
bhindi_katori,Bhindi (okra) sabzi,ঢ্যাঁড়স ভাজা,भिंडी की सब्ज़ी,ಬೆಂಡೆಕಾಯಿ ಪಲ್ಯ,bhindi;bhindi fry;bhindi masala;bhindi sabzi;okra;okra fry;ladies finger;ladyfinger;bhendi;bende kayi palya;dherosh bhaja;dherosh;vendakkai poriyal,pan,veg,katori,1 katori (150 g),150,6.8,5.4,2.7,13.9,166,unknown,INDB 2024 recipe BFP269 (Okra/Lady's fingers fry (Bhindi sabzi/sabji/subji)); per-100 g x 150 g,per100g_scaled,"INDB per-100 g values are per raw-ingredient weight (no yield factor); if the dish is reduced more than usual, true values per cooked gram are somewhat higher."
baingan_bharta_katori,Baingan bharta (begun pora),বেগুন পোড়া,बैंगन का भर्ता,ಬದನೆಕಾಯಿ ಭರ್ತ,baingan bharta;baingan ka bharta;bharta;begun pora;begun bharta;brinjal bharta;eggplant mash;vangyache bharit;badanekayi gojju,pan,veg,katori,1 katori (150 g),150,6.6,4.9,2.1,6.7,98,unknown,INDB 2024 recipe ASC177 (Brinjal bhartha (Baingan ka bhartha)); per-100 g x 150 g,per100g_scaled,"INDB per-100 g values are per raw-ingredient weight (no yield factor); if the dish is reduced more than usual, true values per cooked gram are somewhat higher."
mixed_veg_katori,Mixed vegetable sabzi,পাঁচমিশালি তরকারি,मिक्स वेज,ಮಿಕ್ಸ್ ವೆಜ್ ಪಲ್ಯ,mixed veg;mix veg;mixed vegetable;mixed vegetable curry;sabzi;subzi;sabji;tarkari;torkari;panchmishali torkari;gobi matar aloo;mixed vegetable sabzi,pan,veg,katori,1 katori (150 g),150,12.4,4.9,4.1,8.3,143,unknown,"INDB 2024 recipe BFP276 (Cauliflower, pea and potato bhujia (Phoolgobhi, matar aur aloo bhujia)); per-100 g x 150 g",per100g_scaled,"INDB 'Cauliflower, pea and potato bhujia' used as the representative mixed-vegetable sabzi. INDB per-100 g values are per raw-ingredient weight (no yield factor); if the dish is reduced more than usual, true values per cooked gram are somewhat higher."
cabbage_poriyal_katori,Cabbage poriyal / palya,বাঁধাকপির তরকারি,पत्तागोभी की सब्ज़ी,ಎಲೆಕೋಸು ಪಲ್ಯ,cabbage poriyal;cabbage palya;cabbage thoran;kosu palya;ele kosu palya;bandhakopi;badhakopir torkari;patta gobhi sabzi;cabbage sabzi;cabbage stir fry,karnataka,veg,katori,1 katori (150 g),150,7.5,6.8,2.7,12.9,160,unknown,INDB 2024 recipe ASC181 (Carrot and cabbage with coconut (Nariyal ke saath pattagobhi aur gajar)); per-100 g x 150 g,per100g_scaled,"INDB 'Carrot and cabbage with coconut' (thoran-style) used. INDB per-100 g values are per raw-ingredient weight (no yield factor); if the dish is reduced more than usual, true values per cooked gram are somewhat higher."
beans_poriyal_katori,Beans palya / poriyal,বিনস ভাজা,बीन्स की सब्ज़ी,ಹುರುಳಿಕಾಯಿ ಪಲ್ಯ,beans palya;beans poriyal;beans thoran;hurali kayi palya;french beans sabzi;beans sabzi;green beans stir fry,karnataka,veg,katori,1 katori (150 g),150,6.6,8.4,3.9,17.1,197,unknown,INDB 2024 recipe ASC179 (Beans with coconut (Nariyal aur sem/phali; Beans thoran)); per-100 g x 150 g,per100g_scaled,"INDB per-100 g values are per raw-ingredient weight (no yield factor); if the dish is reduced more than usual, true values per cooked gram are somewhat higher."
avial_katori,Avial,আভিয়াল,अवियल,ಅವಿಯಲ್,avial;aviyal;avail;mixed vegetables in coconut,south,veg,katori,1 katori (150 g),150,12.7,8.2,3.7,13.4,187,unknown,INDB 2024 recipe ASC219 (Avial); per-100 g x 150 g,per100g_scaled,"INDB per-100 g values are per raw-ingredient weight (no yield factor); if the dish is reduced more than usual, true values per cooked gram are somewhat higher."
sarson_saag_katori,Sarson ka saag,সর্ষে শাক,सरसों का साग,ಸಾಸಿವೆ ಸೊಪ್ಪಿನ ಪಲ್ಯ,sarson ka saag;sarson saag;saag;mustard greens curry;sarso da saag,north,veg,katori,1 katori (150 g),150,8.0,5.5,4.5,8.8,132,unknown,INDB 2024 recipe ASC217 (Sarson ka saag); per-100 g x 150 g,per100g_scaled,"INDB per-100 g values are per raw-ingredient weight (no yield factor); if the dish is reduced more than usual, true values per cooked gram are somewhat higher."
lauki_sabzi_katori,Lauki / lau (bottle gourd) sabzi,লাউয়ের তরকারি,लौकी की सब्ज़ी,ಸೋರೆಕಾಯಿ ಪಲ್ಯ,lauki;lauki sabzi;lauki ki sabji;ghiya;dudhi;doodhi;lau;lau ghonto;lau torkari;bottle gourd curry;sorekai palya;sorakaya,pan,veg,katori,1 katori (150 g cooked),150,3.2,3.6,1.0,5.2,65,unknown,Recipe-derived: bottle_gourd 160 g [IFCT D007] + tomato 15 g [IFCT D075] + oil 5 g [FDC 171017],recipe_derived,Standard recipe; cooked weight assumes ~10% water loss.
shukto_katori,Shukto (Bengali mixed bitter vegetable),শুক্তো,शुक्तो,ಶುಕ್ತೋ,shukto;sukto;shuktoni;shukto bengali;bitter gourd mixed veg,bengali,veg,katori,1 katori (150 g),150,15.5,5.1,3.2,10.6,171,unknown,Recipe-derived: bitter_gourd 20 g [IFCT D004] + plantain_green 20 g [IFCT D063] + potato 20 g [IFCT F006] + sweet_potato 15 g [IFCT F013] + brinjal 20 g [IFCT D031] + drumstick 15 g [IFCT D046] + milk 20 g [IFCT L002] + ghee 3 g [FDC 2710168] + mustard_oil 5 g [FDC 172337] + poppy 2 g [IFCT G032] + mustard_seed 2 g [IFCT H013] + sugar 2 g [FDC 169655],recipe_derived,Standard Bengali recipe; vegetable mix varies by household.
aloo_posto_katori,Aloo posto (potato in poppy-seed paste),আলু পোস্ত,आलू पोस्तो,ಆಲೂ ಪೋಸ್ತೋ,aloo posto;alu posto;aloo posta;alur posto;posto;potato poppy seed,bengali,veg,katori,1 katori (150 g),150,20.1,5.3,4.4,11.9,209,unknown,Recipe-derived: potato 125 g [IFCT F006] + poppy 12 g [IFCT G032] + mustard_oil 8 g [FDC 172337],recipe_derived,Standard Bengali recipe.
begun_bhaja_piece,Begun bhaja (fried brinjal slice),বেগুন ভাজা,बैंगन भाजा,ಬದನೆಕಾಯಿ ಫ್ರೈ,begun bhaja;baigun bhaja;begun vaja;fried brinjal;brinjal fry;baingan fry;eggplant fry,bengali,veg,piece,"1 slice (~35 g fried, from 45 g brinjal)",35,1.6,1.8,0.7,5.1,56,unknown,Recipe-derived: brinjal 45 g [IFCT D031] + mustard_oil 5 g [FDC 172337],recipe_derived,Brinjal absorbs a lot of oil; 5 g absorbed oil per slice assumed. Frying-oil uptake is an assumption (see SOURCES.md); actual values vary with cook and oil temperature.
beguni_piece,Beguni (batter-fried brinjal),বেগুনি,बेगुनी,ಬದನೆಕಾಯಿ ಬಜ್ಜಿ,beguni;begooni;brinjal fritter;baingan pakora;badanekayi bajji;telebhaja,bengali,snack,piece,1 piece (~35 g),35,6.2,1.9,2.3,5.6,89,unknown,Recipe-derived: brinjal 25 g [IFCT D031] + besan 8 g [FDC 174288] + rice_flour 2 g [FDC 169714] + oil 5 g [FDC 171017],recipe_derived,Frying-oil uptake is an assumption (see SOURCES.md); actual values vary with cook and oil temperature.
chicken_curry_katori,Chicken curry,মুরগির ঝোল,चिकन करी,ಕೋಳಿ ಸಾರು,chicken curry;murgir jhol;murgir mangsho;chicken jhol;chicken masala;chicken gravy;murgh curry;kozhi curry;koli saaru;chicken saaru,pan,nonveg,katori,1 katori (150 g),150,5.1,2.1,17.7,11.4,194,unknown,INDB 2024 recipe ASC240 (Chicken curry); per-100 g x 150 g,per100g_scaled,"INDB recipe with boneless chicken; values per raw-ingredient weight, so per cooked gram may be ~10-20% higher. INDB per-100 g values are per raw-ingredient weight (no yield factor); if the dish is reduced more than usual, true values per cooked gram are somewhat higher."
butter_chicken_katori,Butter chicken,বাটার চিকেন,बटर चिकन,ಬಟರ್ ಚಿಕನ್,butter chicken;murgh makhani;chicken makhani;chicken makhanwala,north,nonveg,katori,1 katori (150 g),150,5.6,2.0,16.4,13.0,206,unknown,INDB 2024 recipe ASC242 (Butter chicken); per-100 g x 150 g,per100g_scaled,"INDB per-100 g values are per raw-ingredient weight (no yield factor); if the dish is reduced more than usual, true values per cooked gram are somewhat higher."
tandoori_chicken_serving,Tandoori chicken,তন্দুরি চিকেন,तंदूरी चिकन,ತಂದೂರಿ ಚಿಕನ್,tandoori chicken;tandoori murgh;chicken tandoori;tangdi kabab;chicken tikka,north,nonveg,serving,"1 serving (150 g edible, ~2 pieces)",150,3.5,0.8,24.4,11.9,218,unknown,INDB 2024 recipe ASC241 (Tandoori chicken); per-100 g x 150 g,per100g_scaled,"INDB per-100 g values are per raw-ingredient weight (no yield factor); if the dish is reduced more than usual, true values per cooked gram are somewhat higher."
egg_curry_serving,Egg curry (1 egg with gravy),ডিমের ঝোল,अंडा करी,ಮೊಟ್ಟೆ ಸಾರು,egg curry;anda curry;dimer jhol;dim er jhol;egg masala;motte saaru;motte curry;muttai kulambu,pan,nonveg,serving,1 egg with gravy (INDB serving),152,6.1,3.2,8.2,13.4,178,unknown,"INDB 2024 recipe BFP240 (Egg curry (Anda curry)); INDB per-serving values (1 bowl, INDB serving weight 152 g)",direct,INDB serving weight is the sum of raw ingredients (no cooking-loss/yield correction).
dimer_dalna_serving,Dimer dalna (egg and potato curry),ডিমের ডালনা,अंडा आलू करी,ಮೊಟ್ಟೆ ಆಲೂ ಸಾರು,dimer dalna;dim er dalna;dimer dalna with potato;egg potato curry;dim aloo;egg aloo curry,bengali,nonveg,serving,1 egg + potato with gravy (~170 g),170,11.6,1.7,7.5,13.5,200,unknown,Recipe-derived: egg_boiled 50 g [FDC 173424] + potato 50 g [IFCT F006] + onion 20 g [IFCT G017] + tomato 20 g [IFCT D075] + mustard_oil 8 g [FDC 172337] + sugar 1 g [FDC 169655] + water 25 g,recipe_derived,Standard Bengali recipe.
boiled_egg_piece,Boiled egg,সেদ্ধ ডিম,उबला अंडा,ಬೇಯಿಸಿದ ಮೊಟ್ಟೆ,boiled egg;egg;anda;dim;dim sedho;hard boiled egg;ubla anda;motte,pan,nonveg,piece,1 large egg (50 g edible),50,0.6,0.0,6.3,5.3,78,unknown,"USDA FDC 173424 (SR Legacy: Egg, whole, cooked, hard-boiled); per-100 g x 50 g",per100g_scaled,
omelette_piece,Omelette (1 egg),ওমলেট,ऑमलेट,ಆಮ್ಲೆಟ್,omelette;omelet;omlet;amlet;mamlet;egg omelette;masala omelette;anda omelette;dimer omelette,pan,nonveg,piece,1-egg omelette (~55 g),55,0.0,0.0,9.1,6.4,93,unknown,"IFCT 2017 M007 (Egg, poultry, omlet); per-100 g x 55 g",per100g_scaled,IFCT 2017 analysed omelette; a masala omelette with onion/extra oil is slightly higher.
mutton_curry_katori,Mutton curry,পাঁঠার মাংসের ঝোল,मटन करी,ಮಟನ್ ಸಾರು,mutton curry;mutton;mutton masala;mutton gravy;gosht;rogan josh;roghan josh;mangsher jhol;mangsho;goat curry;lamb curry;kuri saaru;mutton saaru,pan,nonveg,katori,1 katori (150 g),150,7.4,3.1,14.3,13.5,209,unknown,INDB 2024 recipe ASC227 (Roghan josh); per-100 g x 150 g,per100g_scaled,"INDB 'Roghan josh' used as representative mutton curry. INDB per-100 g values are per raw-ingredient weight (no yield factor); if the dish is reduced more than usual, true values per cooked gram are somewhat higher."
kosha_mangsho_katori,Kosha mangsho (Bengali dry mutton curry),কষা মাংস,कोषा मांगशो,ಕೋಷಾ ಮಾಂಸ,kosha mangsho;kosha mangso;kosha mutton;kasha mangsho;bengali mutton kosha;golbari kosha,bengali,nonveg,katori,1 katori (~150 g; from 100 g raw mutton),150,4.5,1.0,21.5,24.5,323,unknown,Recipe-derived: goat 100 g [IFCT O001] + onion 40 g [IFCT G017] + curd 15 g [FDC 171284] + mustard_oil 12 g [FDC 172337],recipe_derived,"Rich, oil-heavy dish; 12 g mustard oil per serving assumed. Often served with potato (+~15 g carbs)."
macher_jhol_katori,Macher jhol (Bengali fish curry),মাছের ঝোল,माछेर झोल (बंगाली मछली करी),ಮೀನಿನ ಸಾರು (ಬಂಗಾಳಿ),macher jhol;maacher jhol;machher jhol;mach er jhol;fish jhol;bengali fish curry;rui macher jhol;katla jhol;fish curry bengali,bengali,nonveg,katori,1 katori (150 g; ~1 piece fish),150,6.6,2.9,10.9,10.5,164,unknown,INDB 2024 recipe BFP223 (Bengal fish curry (Bengali machli curry)); per-100 g x 150 g,per100g_scaled,"INDB 'Bengal fish curry' (mustard oil). INDB per-100 g values are per raw-ingredient weight (no yield factor); if the dish is reduced more than usual, true values per cooked gram are somewhat higher."
fish_curry_katori,Fish curry,মাছের কারি,मछली करी,ಮೀನು ಸಾರು,fish curry;machli curry;machhi curry;meen curry;meen kuzhambu;meenu saaru;meen gassi;fish masala;fish gravy,pan,nonveg,katori,1 katori (150 g),150,5.7,2.8,13.1,10.0,167,unknown,INDB 2024 recipe ASC246 (Fish curry (Machli curry)); per-100 g x 150 g,per100g_scaled,"INDB recipe with rohu. INDB per-100 g values are per raw-ingredient weight (no yield factor); if the dish is reduced more than usual, true values per cooked gram are somewhat higher."
chingri_malaikari_katori,Chingri malaikari (prawn coconut curry),চিংড়ি মালাইকারি,झींगा मलाई करी,ಸಿಗಡಿ ಮಲೈಕರಿ,chingri malaikari;chingri malai curry;prawn malai curry;prawn malaikari;prawn curry;jhinga curry;chingri;shrimp curry;sigadi curry,bengali,nonveg,katori,1 katori (150 g),150,4.7,2.3,12.8,10.4,164,unknown,INDB 2024 recipe BFP230 (Prawn curry (with coconut) (Jhinga curry)); per-100 g x 150 g,per100g_scaled,Closest INDB match is 'Prawn curry (with coconut)'; true malaikari uses coconut milk and ghee and is likely richer in fat.
fish_fry_piece,Fish fry (mach bhaja),মাছ ভাজা,मछली फ्राई,ಮೀನು ಫ್ರೈ,fish fry;mach bhaja;maach bhaja;macher bhaja;rui mach bhaja;fried fish;tawa fish;fish tawa fry;meen fry;meenu fry,bengali,nonveg,piece,"1 piece (~50 g fried, from 60 g raw rohu/katla)",50,0.0,0.0,11.8,5.4,97,unknown,Recipe-derived: rohu 60 g [IFCT S006] + mustard_oil 4 g [FDC 172337],recipe_derived,"Turmeric-salt pan-fried fish. Breaded Kolkata 'fish fry' cutlet is different (~2x kcal, ~15 g carbs). Frying-oil uptake is an assumption (see SOURCES.md); actual values vary with cook and oil temperature."
samosa_piece,Samosa,শিঙাড়া,समोसा,ಸಮೋಸ,samosa;samosha;shingara;singara;singhara;aloo samosa;samsa;samose,pan,snack,piece,1 samosa (75 g; FNDDS portion),75,23.5,1.4,3.9,13.1,232,unknown,USDA FDC 2708730 (FNDDS 2021-2023: Samosa); per-100 g x 75 g,per100g_scaled,USDA FNDDS 'Samosa' (as eaten). INDB samosa not used: it counts all frying oil.
kachori_piece,Kachori (moong dal),কচুরি,कचौड़ी,ಕಚೋರಿ,kachori;kachauri;kachuri;khasta kachori;dal kachori;moong dal kachori;koraishutir kochuri,pan,snack,piece,1 kachori (~45 g),45,22.8,1.4,4.5,10.3,202,unknown,Recipe-derived: maida 25 g [IFCT A018] + moong_dal 8 g [IFCT B010] + oil 10 g [FDC 171017],recipe_derived,3 g oil in dough + 7 g absorbed; INDB kachori not used (counts all frying oil). Frying-oil uptake is an assumption (see SOURCES.md); actual values vary with cook and oil temperature.
pakora_plate,"Pakora / pakoda (onion), 4 pieces",পেঁয়াজি,पकौड़ा,ಈರುಳ್ಳಿ ಬಜ್ಜಿ,pakora;pakoda;pakodi;pakore;bhajji;bhaji;bajji;onion pakoda;pyaaz pakora;kanda bhaji;piyaji;peyaji;telebhaja;fritters;bhajia,pan,snack,serving,4 pieces (~60 g),60,14.6,3.0,5.1,10.5,182,unknown,Recipe-derived: besan 20 g [FDC 174288] + onion 30 g [IFCT G017] + rice_flour 3 g [FDC 169714] + oil 9 g [FDC 171017],recipe_derived,9 g absorbed oil per 60 g (15% fat by weight) assumed. Frying-oil uptake is an assumption (see SOURCES.md); actual values vary with cook and oil temperature.
medu_vada_piece,Medu vada,মেদু বড়া,मेदु वड़ा,ಉದ್ದಿನ ವಡೆ,medu vada;medu wada;vada;vadai;wada;vade;uddina vade;ulundu vadai;minapa garelu;urad dal vada;sambar vada,south,snack,piece,1 vada (~50 g),50,13.0,3.1,5.8,6.4,136,unknown,Recipe-derived: urad_dal 25 g [IFCT B003] + onion 3 g [IFCT G017] + oil 6 g [FDC 171017],recipe_derived,6 g absorbed oil (~12% fat by weight) assumed; INDB medu vada not used (counts all frying oil). Frying-oil uptake is an assumption (see SOURCES.md); actual values vary with cook and oil temperature.
masala_vada_piece,Masala vada (chana dal vada),ডালের বড়া,मसाला वड़ा,ಮಸಾಲೆ ವಡೆ,masala vada;masala vade;paruppu vadai;chattambade;ambode;dal vada;chana dal vada;dal bora,south,snack,piece,1 vada (~45 g),45,12.6,4.0,5.5,7.4,140,unknown,Recipe-derived: chana_dal 25 g [IFCT B001] + onion 10 g [IFCT G017] + oil 6 g [FDC 171017],recipe_derived,Frying-oil uptake is an assumption (see SOURCES.md); actual values vary with cook and oil temperature.
bonda_piece,Aloo bonda / batata vada,আলুর চপ,आलू बोंडा / बटाटा वड़ा,ಆಲೂ ಬೋಂಡಾ,bonda;aloo bonda;potato bonda;batata vada;alur chop;aloo chop;alu chop;mysore bonda,pan,snack,piece,1 piece (~60 g),60,12.1,2.1,3.4,6.9,130,unknown,Recipe-derived: potato 40 g [IFCT F006] + onion 5 g [IFCT G017] + besan 12 g [FDC 174288] + oil 6 g [FDC 171017],recipe_derived,"Mysore bonda (maida-curd batter, no potato) differs. Frying-oil uptake is an assumption (see SOURCES.md); actual values vary with cook and oil temperature."
dhokla_piece,Dhokla,ধোকলা,ढोकला,ಢೋಕ್ಲಾ,dhokla;khaman;khaman dhokla;besan dhokla;dokla,pan,snack,piece,1 piece (INDB serving),40,12.3,2.0,5.4,2.1,87,unknown,"INDB 2024 recipe ASC474 (Dhokla); INDB per-serving values (1 piece, INDB serving weight 40 g)",direct,INDB serving weight is the sum of raw ingredients (no cooking-loss/yield correction).
pav_bhaji_plate,Pav bhaji (bhaji + 2 pav),পাও ভাজি,पाव भाजी,ಪಾವ್ ಭಾಜಿ,pav bhaji;pao bhaji;paav bhaji;bhaji pav,pan,snack,plate,1 plate (bhaji + ~2 pav; INDB serving),580,69.7,11.5,15.5,25.1,561,unknown,"INDB 2024 recipe OSR112 (Pav bhaji); INDB per-serving values (1 nan, INDB serving weight 581 g)",direct,INDB recipe includes buttered buns (~103 g bun per serving). INDB serving weight is the sum of raw ingredients (no cooking-loss/yield correction).
sprouts_salad_katori,Sprouted moong salad,অঙ্কুরিত মুগের স্যালাড,अंकुरित मूंग सलाद,ಮೊಳಕೆ ಹೆಸರುಕಾಳು ಸಲಾಡ್,sprouts;sprouts salad;sprouted moong;moong sprouts;sprouts chaat;ankurit moong;molake kaalu,pan,snack,katori,1 katori (150 g),150,8.2,1.4,3.4,1.1,57,unknown,INDB 2024 recipe ASC259 (Sprouted moong salad); per-100 g x 150 g,per100g_scaled,
roasted_chana_katori,Roasted chana,ছোলা ভাজা,भुने चने,ಹುರಿಗಡಲೆ,roasted chana;bhuna chana;chana;chola bhaja;phutana;hurigadale;putani;roasted gram;chana snack,pan,snack,katori,1 small katori (30 g),30,11.9,7.6,5.6,1.5,86,unknown,"IFCT 2017 B002 (Bengal gram, whole); per-100 g x 30 g",per100g_scaled,"IFCT whole Bengal gram (raw) used as proxy; roasting removes a little water, so true values are slightly higher."
peanuts_handful,Peanuts (handful),চিনাবাদাম,मूंगफली,ಕಡಲೆಕಾಯಿ,peanuts;peanut;groundnut;moongphali;mungfali;china badam;badam bhaja;kadlekai;shenga,pan,snack,serving,1 handful (30 g),30,5.2,3.1,7.1,11.9,156,unknown,IFCT 2017 H012 (Ground nut); per-100 g x 30 g,per100g_scaled,IFCT raw groundnut values.
chikki_piece,Peanut chikki,বাদাম চাক্তি,मूंगफली चिक्की,ಕಡಲೆಕಾಯಿ ಚಿಕ್ಕಿ,chikki;peanut chikki;groundnut chikki;badam chakti;gajak;peanut brittle;kadalekai chikki,pan,sweet,piece,1 piece (INDB serving),25,11.7,0.6,1.7,2.7,79,unknown,"INDB 2024 recipe ASC382 (Peanut brittle (Moongfali ki chikki)); INDB per-serving values (1 piece, INDB serving weight 25 g)",direct,INDB serving weight is the sum of raw ingredients (no cooking-loss/yield correction).
papad_roasted_piece,Papad (roasted),পাঁপড় (সেঁকা),पापड़ (भुना),ಹಪ್ಪಳ (ಸುಟ್ಟ),papad;papadum;pappadam;poppadom;papar;papor;pampad;happala;roasted papad,pan,accompaniment,piece,1 medium papad (12 g),12,5.0,2.2,3.1,0.4,45,unknown,USDA FDC 168106 (SR Legacy: Papad); per-100 g x 12 g,per100g_scaled,
papad_fried_piece,Papad (fried),পাঁপড় ভাজা,पापड़ (तला),ಹಪ್ಪಳ (ಕರಿದ),fried papad;papad fry;papor bhaja;fried pappadam;fried happala,pan,accompaniment,piece,"1 medium papad, fried (~15 g)",15,5.0,2.2,3.1,3.4,71,unknown,Recipe-derived: papad 12 g [FDC 168106] + oil 3 g [FDC 171017],recipe_derived,Frying-oil uptake is an assumption (see SOURCES.md); actual values vary with cook and oil temperature.
mishti_doi_cup,Mishti doi (sweet curd),মিষ্টি দই,मिष्टी दोई,ಮಿಷ್ಟಿ ದೋಯಿ,mishti doi;misti doi;mishti dahi;sweet curd;sweet dahi;sweet yogurt;lal doi,bengali,sweet,cup,1 small clay cup (100 g),100,19.4,0.0,4.9,6.7,156,unknown,Recipe-derived: milk 150 g [IFCT L002] + sugar 12 g [FDC 169655],recipe_derived,150 ml whole milk reduced to ~100 g and set with 12 g sugar/caramel (standard recipe).
rasgulla_piece,Rasgulla (rosogolla),রসগোল্লা,रसगुल्ला,ರಸಗುಲ್ಲ,rasgulla;rasagola;rosogolla;roshogolla;rossogolla;rasagulla;rasgolla;sponge rasgulla,bengali,sweet,piece,1 piece with some syrup (~50 g),50,15.1,0.0,2.1,3.0,94,unknown,"Recipe-derived: chhena_from_milk 75 ml milk [chhena, IFCT L002] + maida 1 g [IFCT A018] + sugar 14 g [FDC 169655]",recipe_derived,Chhena from 75 ml milk + ~14 g sugar absorbed from syrup (assumption). INDB rasgulla (BFP392) not used: its per-serving value includes the whole syrup.
sandesh_piece,Sandesh,সন্দেশ,संदेश,ಸಂದೇಶ್,sandesh;sondesh;shondesh;sandesh sweet;nolen gurer sandesh;kanchagolla,bengali,sweet,piece,1 piece (~30 g),30,8.5,0.0,2.6,4.0,80,unknown,"Recipe-derived: chhena_from_milk 100 ml milk [chhena, IFCT L002] + sugar 8 g [FDC 169655]",recipe_derived,Chhena from 100 ml milk + 8 g sugar (standard recipe).
gulab_jamun_piece,Gulab jamun,গোলাপ জাম / পান্তুয়া,गुलाब जामुन,ಗುಲಾಬ್ ಜಾಮೂನ್,gulab jamun;gulabjamun;gulab jamoon;jamun sweet;pantua;kalo jaam;kala jamun;lal mohan,pan,sweet,piece,1 piece with syrup (~45 g),45,19.7,0.1,2.8,6.1,143,unknown,Recipe-derived: khoa 15 g [IFCT L004] + maida 3 g [IFCT A018] + oil 3 g [FDC 171017] + sugar 15 g [FDC 169655],recipe_derived,3 g absorbed frying fat and ~15 g sugar absorbed from syrup (assumptions). INDB gulab jamun not used (counts all oil and syrup).
jalebi_serving,Jalebi (2 pieces),জিলিপি,जलेबी,ಜಿಲೇಬಿ,jalebi;jilebi;jilipi;jilapi;jalabi;zulbia;imarti,pan,sweet,serving,2 medium pieces (~50 g),50,31.3,0.4,1.7,7.2,194,unknown,Recipe-derived: maida 15 g [IFCT A018] + curd 3 g [FDC 171284] + oil 7 g [FDC 171017] + sugar 20 g [FDC 169655],recipe_derived,7 g absorbed oil and 20 g sugar from syrup per 50 g are assumptions; jalebi composition varies a lot.
kheer_bowl,Kheer / payesh (rice pudding),পায়েস,खीर,ಪಾಯಸ,kheer;khir;payesh;payesam;payasam;chawal ki kheer;rice kheer;rice payasam;paramannam;doodh pak,pan,sweet,bowl,1 bowl (from 250 ml milk + 10 g rice + 1.5 tbsp sugar),200,40.3,0.7,9.2,11.9,301,unknown,"INDB 2024 recipe ASC282 (Rice kheer (Chawal ki kheer)); INDB per-serving values (1 bowl, INDB serving weight 401 g)",direct,INDB weight 401 g includes 120 ml water that evaporates; ~200 g served is an estimate. Macros are INDB per-serving.
semiya_payasam_bowl,Semiya payasam (vermicelli kheer),সেমাইয়ের পায়েস,सेवइयां खीर,ಶ್ಯಾವಿಗೆ ಪಾಯಸ,semiya payasam;semiya kheer;seviyan;sevaiyan kheer;vermicelli kheer;shavige payasa;semai payesh,south,sweet,bowl,1 bowl (from 200 ml milk + 10 g vermicelli),180,36.9,1.2,7.8,11.6,279,unknown,"INDB 2024 recipe ASC285 (Vermicelli kheer (Semiya/Seviyan ki kheer)); INDB per-serving values (1 bowl, INDB serving weight 232 g)",direct,Served weight after reduction is an estimate. Macros are INDB per-serving.
mysore_pak_piece,Mysore pak,মাইসোর পাক,मैसूर पाक,ಮೈಸೂರು ಪಾಕ್,mysore pak;mysorepak;mysore paak;mysuru pak;ghee mysore pak,karnataka,sweet,piece,1 piece (~30 g),30,18.3,0.8,1.6,10.4,173,unknown,Recipe-derived: besan 7 g [FDC 174288] + ghee 10 g [FDC 2710168] + sugar 15 g [FDC 169655],recipe_derived,Proportions besan:ghee:sugar ~ 1:1.4:2 assumed (traditional recipes vary).
besan_laddoo_piece,Laddoo (besan),লাড্ডু,बेसन लड्डू,ಉಂಡೆ (ಕಡಲೆಹಿಟ್ಟು),laddoo;ladoo;laddu;ladu;besan ladoo;besan laddu;besan ke laddu;unde;boondi laddoo;motichoor laddoo,pan,sweet,piece,1 laddoo (INDB serving),35,22.1,1.6,3.1,8.0,168,unknown,"INDB 2024 recipe ASC343 (Gram flour ladoo (Besan ladoo)); INDB per-serving values (1 ladoo, INDB serving weight 35 g)",direct,Boondi/motichoor laddoo has similar energy but more sugar and less protein. INDB serving weight is the sum of raw ingredients (no cooking-loss/yield correction).
narkel_naru_piece,Narkel naru (coconut laddoo),নারকেল নাড়ু,नारियल लड्डू,ಕೊಬ್ಬರಿ ಉಂಡೆ,narkel naru;narikel naru;narkol naru;coconut ladoo;nariyal laddoo;kobbari unde;thengai laddu,bengali,sweet,piece,1 piece (~25 g),25,11.4,2.1,1.0,8.3,124,unknown,Recipe-derived: coconut 20 g [IFCT H007] + jaggery 12 g [IFCT I001],recipe_derived,Fresh coconut + jaggery; cooked weight after moisture loss is an estimate.
burfi_piece,Burfi (khoa),বরফি,बर्फी,ಬರ್ಫಿ,burfi;barfi;khoa burfi;milk burfi;mawa barfi;plain barfi,pan,sweet,piece,1 piece (INDB serving),44,13.5,0.1,4.3,12.2,178,unknown,"INDB 2024 recipe ASC335 (Plain burfi (Burfi)); INDB per-serving values (1 burfi, INDB serving weight 44 g)",direct,INDB serving weight is the sum of raw ingredients (no cooking-loss/yield correction).
kaju_katli_piece,Kaju katli,কাজু বরফি,काजू कतली,ಕಾಜು ಕಟ್ಲಿ,kaju katli;kaju barfi;kaju burfi;cashew burfi;kaju katri,north,sweet,piece,"1 large piece (INDB serving, ~29 g)",29,10.9,0.3,1.6,8.2,121,unknown,"INDB 2024 recipe ASC339 (Cashewnut burfi (Kaju burfi/Kaju katli)); INDB per-serving values (1 burfi, INDB serving weight 29 g)",direct,INDB piece is large; a typical shop diamond (~13 g) is about half. INDB serving weight is the sum of raw ingredients (no cooking-loss/yield correction).
gajar_halwa_bowl,Gajar halwa,গাজরের হালুয়া,गाजर का हलवा,ಕ್ಯಾರೆಟ್ ಹಲ್ವ,gajar halwa;gajar ka halwa;carrot halwa;gajrela;gajorer halua,north,sweet,bowl,1 bowl (INDB serving),168,31.1,4.5,5.2,16.3,290,unknown,"INDB 2024 recipe ASC295 (Carrot halwa (Gajar ka halwa)); INDB per-serving values (1 bowl, INDB serving weight 168 g)",direct,INDB serving weight is the sum of raw ingredients (no cooking-loss/yield correction).
suji_halwa_bowl,Suji halwa (sheera),সুজির হালুয়া,सूजी का हलवा,ಸಜ್ಜಿಗೆ,suji halwa;sooji halwa;rava halwa;sheera;sooji ka halwa;sujir halua;mohan bhog;sajjige,north,sweet,bowl,1 bowl (from 25 g suji + 20 g ghee + 20 g sugar),130,39.4,3.0,3.5,21.4,360,unknown,"INDB 2024 recipe ASC293 (Semolina halwa (Suji ka halwa)); INDB per-serving values (1 bowl, INDB serving weight 160 g)",direct,INDB weight 160 g includes 90 ml water; served weight is an estimate. Macros are INDB per-serving.
kesari_bath_katori,Kesari bath,কেশরী বাথ,केसरी भात / सूजी हलवा,ಕೇಸರಿ ಬಾತ್,kesari bath;kesari bhath;kesari;rava kesari;kesaribath;sooji kesari,karnataka,sweet,katori,1 small katori (100 g),100,31.4,1.7,2.4,12.6,245,unknown,INDB 2024 recipe OSR014 (Kesari bath); per-100 g x 100 g,per100g_scaled,"INDB per-100 g values are per raw-ingredient weight (no yield factor); if the dish is reduced more than usual, true values per cooked gram are somewhat higher."
holige_piece,Holige / obbattu (puran poli),পুরণ পোলি,पूरन पोली,ಹೋಳಿಗೆ / ಒಬ್ಬಟ್ಟು,holige;obbattu;puran poli;puranpoli;bobbatlu;sweet roti;chana dal holige,karnataka,sweet,piece,1 piece (INDB serving),53,33.4,4.4,5.1,4.2,196,unknown,"INDB 2024 recipe ASC467 (Sweet split chickpea roti (Sweet channa dal roti/Puranpoli)); INDB per-serving values (1 roti, INDB serving weight 53 g)",direct,INDB serving weight is the sum of raw ingredients (no cooking-loss/yield correction).
masala_chai_sugar_cup,Masala chai with sugar,চা (দুধ-চিনি),मसाला चाय (चीनी वाली),ಮಸಾಲ ಟೀ (ಸಕ್ಕರೆ ಸಹಿತ),chai;masala chai;tea;milk tea;cha;dudh cha;chaha;doodh wali chai;tea with sugar;cutting chai;adrak chai,pan,beverage,cup,1 cup (125 ml: 60 ml milk + 2 tsp sugar),125,11.1,0.0,2.0,2.7,75,unknown,Recipe-derived: milk 60 g [IFCT L002] + sugar 8 g [FDC 169655] + tea_brewed 57 g [FDC 2710488],recipe_derived,"Standard recipe (INDB ASC001 'Hot tea' is lighter: 34 kcal, 5.4 g carbs per cup)."
chai_nosugar_cup,Chai without sugar,চিনি ছাড়া চা,बिना चीनी की चाय,ಸಕ್ಕರೆ ಇಲ್ಲದ ಟೀ,chai without sugar;sugar free chai;tea without sugar;no sugar tea;fika cha;milk tea no sugar,pan,beverage,cup,"1 cup (125 ml: 60 ml milk, no sugar)",125,3.2,0.0,2.0,2.7,44,unknown,Recipe-derived: milk 60 g [IFCT L002] + tea_brewed 65 g [FDC 2710488],recipe_derived,
lal_cha_cup,Lal cha (black tea with 1 tsp sugar),লাল চা,काली चाय (चीनी वाली),ಕಪ್ಪು ಟೀ,lal cha;liquor cha;black tea;kali chai;lemon tea;red tea,bengali,beverage,cup,1 cup (125 ml + 1 tsp sugar),125,5.4,0.0,0.0,0.0,21,unknown,Recipe-derived: tea_brewed 120 g [FDC 2710488] + sugar 5 g [FDC 169655],recipe_derived,
filter_coffee_cup,Filter coffee with sugar,ফিল্টার কফি,फ़िल्टर कॉफ़ी,ಫಿಲ್ಟರ್ ಕಾಫಿ,filter coffee;filter kaapi;kaapi;madras coffee;south indian coffee;degree coffee;coffee;milk coffee,south,beverage,cup,1 tumbler (120 ml: 90 ml milk + 30 ml decoction + 1.5 tsp sugar),126,10.4,0.0,3.0,4.0,89,unknown,Recipe-derived: milk 90 g [IFCT L002] + coffee_brewed 30 g [FDC 171890] + sugar 6 g [FDC 169655],recipe_derived,
filter_coffee_nosugar_cup,Filter coffee without sugar,চিনি ছাড়া কফি,बिना चीनी की कॉफ़ी,ಸಕ್ಕರೆ ಇಲ್ಲದ ಕಾಫಿ,coffee without sugar;sugar free coffee;filter coffee no sugar;kaapi without sugar,south,beverage,cup,1 tumbler (120 ml: 90 ml milk + 30 ml decoction),120,4.4,0.0,3.0,4.0,66,unknown,Recipe-derived: milk 90 g [IFCT L002] + coffee_brewed 30 g [FDC 171890],recipe_derived,
lassi_sweet_glass,Sweet lassi,মিষ্টি লস্যি,मीठी लस्सी,ಸಿಹಿ ಲಸ್ಸಿ,lassi;sweet lassi;meethi lassi;lassi sweet;punjabi lassi,north,beverage,glass,1 glass (250 ml),250,16.3,0.0,3.2,1.7,89,unknown,INDB 2024 recipe ASC021 (Sweet Lassi (Meethi lassi)); per-100 g x 250 g,per100g_scaled,INDB recipe: 100 g curd + 20 g sugar diluted to ~440 ml; thick Punjabi lassi is ~2x richer.
chaas_glass,Buttermilk / chaas (salted),ঘোল,छाछ,ಮಜ್ಜಿಗೆ,chaas;chhaas;chhach;buttermilk;majjige;mor;neer mor;ghol;matha;salted lassi;namkeen lassi;masala chaas,pan,beverage,glass,1 glass (250 ml),250,4.6,0.0,3.4,1.8,47,unknown,INDB 2024 recipe ASC022 (Lassi (salted)); per-100 g x 250 g,per100g_scaled,
nimbu_pani_sugar_glass,Nimbu pani / lemonade with sugar,লেবুর শরবত,नींबू पानी (चीनी वाला),ನಿಂಬೆ ಪಾನಕ,nimbu pani;nimbu paani;lemonade;lemon water;shikanji;shikanjvi;lebur sharbat;lemon juice;nimbe panaka,pan,beverage,glass,1 glass (250 ml),250,13.7,0.0,0.1,0.0,52,unknown,INDB 2024 recipe ASC008 (Lemonade); per-100 g x 250 g,per100g_scaled,
nimbu_pani_nosugar_glass,Nimbu pani without sugar,চিনি ছাড়া লেবু জল,बिना चीनी नींबू पानी,ಸಕ್ಕರೆ ಇಲ್ಲದ ನಿಂಬೆ ನೀರು,lemon water no sugar;nimbu pani without sugar;sugar free lemonade;salted lemon water;lebu jol,pan,beverage,glass,1 glass (250 ml; juice of 1/2 lemon),250,1.0,0.0,0.1,0.0,3,unknown,Recipe-derived: lemon_juice 15 g [FDC 167747] + water 235 g,recipe_derived,
milk_glass,"Milk (whole, 1 glass)",দুধ,दूध,ಹಾಲು,milk;doodh;dudh;haalu;paal;glass of milk;full cream milk;cow milk,pan,beverage,glass,1 glass (200 ml),200,9.9,0.0,6.5,9.0,146,low,"IFCT 2017 L002 (Milk, whole, cow); per-100 g x 200 g",per100g_scaled,"GI: Atkinson 2008 Table 1 milk, full fat 39+/-3 (low)."
coconut_water_glass,Tender coconut water,ডাবের জল,नारियल पानी,ಎಳನೀರು,coconut water;daab;daber jol;nariyal pani;elaneer;tender coconut;ilaneer,pan,beverage,glass,1 glass (200 ml),200,6.3,0.0,0.5,0.3,31,unknown,IFCT 2017 K002 (Coconut water); per-100 g x 200 g,per100g_scaled,
sugarcane_juice_glass,Sugarcane juice,আখের রস,गन्ने का रस,ಕಬ್ಬಿನ ಹಾಲು,sugarcane juice;ganne ka ras;ganna juice;akher rosh;kabbina haalu;sugar cane juice,pan,beverage,glass,1 glass (250 ml),250,32.8,1.4,0.4,1.0,144,unknown,"IFCT 2017 I002 (Sugarcane, juice); per-100 g x 250 g",per100g_scaled,
ragi_malt_glass,Ragi malt (with milk and jaggery),রাগি মল্ট,रागी माल्ट,ರಾಗಿ ಮಾಲ್ಟ್,ragi malt;ragi ambli;ragi java;ragi kanji;ragi porridge;nachni satva;ragi drink,karnataka,beverage,glass,1 glass (~200 ml: 15 g ragi + 150 ml milk + 8 g jaggery),200,24.2,1.7,6.1,7.0,186,unknown,Recipe-derived: ragi 15 g [IFCT A010] + milk 150 g [IFCT L002] + jaggery 8 g [IFCT I001] + water 27 g,recipe_derived,Standard recipe.
banana_piece,Banana,কলা,केला,ಬಾಳೆಹಣ್ಣು,banana;kela;kola;bale hannu;balehannu;pazham;robusta banana;yelakki banana,pan,fruit,piece,1 medium banana (100 g edible),100,23.6,1.9,1.2,0.3,105,low,"IFCT 2017 E012 (Banana, ripe, robusta); per-100 g x 100 g",per100g_scaled,"GI: Atkinson 2008 Table 1 banana, raw 51+/-3 (low)."
mango_katori,Mango (ripe),আম,आम,ಮಾವಿನ ಹಣ್ಣು,mango;aam;am;amba;mavina hannu;alphonso;himsagar;langra;banganapalli;mango slices,pan,fruit,katori,1 katori slices (150 g),150,14.7,2.7,0.8,0.8,73,low,IFCT 2017 E036-E042 (mean of 7 ripe mango varieties); per-100 g x 150 g,per100g_scaled,"GI: Atkinson 2008 Table 1 mango, raw 51+/-5 (low). IFCT mean of 7 Indian varieties (carbs 8.2-12.8 g/100 g)."
apple_piece,Apple,আপেল,सेब,ಸೇಬು,apple;seb;sev;apel;sebu,pan,fruit,piece,1 medium apple (150 g edible),150,19.7,3.9,0.4,1.0,94,low,"IFCT 2017 E001 (Apple, big); per-100 g x 150 g",per100g_scaled,"GI: Atkinson 2008 Table 1 apple, raw 36+/-2 (low)."
guava_piece,Guava,পেয়ারা,अमरूद,ಸೀಬೆಹಣ್ಣು,guava;amrood;amrud;peyara;seebe hannu;perakka;jam fruit,pan,fruit,piece,1 medium guava (100 g edible),100,5.1,8.6,1.4,0.3,32,unknown,"IFCT 2017 E028 (Guava, white flesh); per-100 g x 100 g",per100g_scaled,IFCT white-flesh guava.
papaya_katori,Papaya (ripe),পেঁপে,पपीता,ಪರಂಗಿ ಹಣ್ಣು,papaya;papita;pepe;parangi hannu;ripe papaya,pan,fruit,katori,1 katori cubes (150 g),150,6.9,4.2,0.6,0.2,36,unknown,"IFCT 2017 E049 (Papaya, ripe); per-100 g x 150 g",per100g_scaled,
orange_piece,Orange,কমলালেবু,संतरा,ಕಿತ್ತಳೆ,orange;santra;santara;komla;komlalebu;kittale;narangi;mosambi,pan,fruit,piece,1 medium orange (130 g edible),130,10.3,1.7,0.9,0.2,48,low,"IFCT 2017 E047 (Orange, pulp); per-100 g x 130 g",per100g_scaled,"GI: Atkinson 2008 Table 1 orange, raw 43+/-3 (low). Mosambi (sweet lime) is a different fruit."
pineapple_katori,Pineapple,আনারস,अनानास,ಅನಾನಸ್,pineapple;ananas;anaras;ananas hannu,pan,fruit,katori,1 katori cubes (150 g),150,14.1,5.2,0.8,0.2,64,medium,IFCT 2017 E053 (Pineapple); per-100 g x 150 g,per100g_scaled,"GI: Atkinson 2008 Table 1 pineapple, raw 59+/-8 (medium)."
watermelon_katori,Watermelon,তরমুজ,तरबूज,ಕಲ್ಲಂಗಡಿ,watermelon;tarbooj;tarbuj;tormuj;kallangadi;water melon,pan,fruit,katori,1 katori cubes (150 g),150,5.8,1.1,0.9,0.2,30,high,"IFCT 2017 E065 (Water melon, dark green); per-100 g x 150 g",per100g_scaled,"GI: Atkinson 2008 Table 1 watermelon, raw 76+/-4 (high); glycaemic load per serving is small."
grapes_katori,Grapes,আঙুর,अंगूर,ದ್ರಾಕ್ಷಿ,grapes;angoor;angur;draksha;drakshi;green grapes,pan,fruit,katori,1 katori (100 g),100,11.8,1.3,0.6,0.3,54,unknown,"IFCT 2017 E026 (Grapes, seedless, round, green); per-100 g x 100 g",per100g_scaled,IFCT seedless green grapes.
pomegranate_katori,Pomegranate (arils),বেদানা,अनार,ದಾಳಿಂಬೆ,pomegranate;anar;anaar;bedana;dalimbe;dalimb,pan,fruit,katori,1 katori arils (100 g),100,11.6,2.8,1.3,0.2,55,unknown,"IFCT 2017 E055 (Pomegranate, maroon seeds); per-100 g x 100 g",per100g_scaled,
sapota_piece,Sapota (chikoo),সফেদা,चीकू,ಸಪೋಟ,sapota;chikoo;chiku;sapodilla;sofeda;sapota hannu,pan,fruit,piece,1 fruit (100 g edible),100,13.9,9.6,0.9,1.3,73,unknown,IFCT 2017 E060 (Sapota); per-100 g x 100 g,per100g_scaled,
custard_apple_piece,Custard apple (sitaphal),আতা,सीताफल,ಸೀತಾಫಲ,custard apple;sitaphal;sharifa;ata;aata;seetha phala,pan,fruit,piece,1 fruit (100 g edible pulp),100,20.4,5.1,1.6,0.7,99,unknown,IFCT 2017 E016 (Custard apple); per-100 g x 100 g,per100g_scaled,
curd_katori,Curd / dahi (plain),টক দই,दही,ಮೊಸರು,curd;dahi;doi;tok doi;mosaru;thayir;yogurt;yoghurt;plain curd;plain yogurt,pan,accompaniment,katori,1 katori (100 g),100,4.7,0.0,3.5,3.3,61,unknown,"USDA FDC 171284 (SR Legacy: Yogurt, plain, whole milk); per-100 g x 100 g",per100g_scaled,USDA whole-milk plain yogurt; curd from toned milk has ~1/2 the fat.
raita_katori,Raita (cucumber),রায়তা,रायता,ರಾಯಿತ,raita;raitha;kheera raita;cucumber raita;boondi raita;onion raita;mosaru bajji;pachadi,pan,accompaniment,katori,1 katori (100 g),100,6.3,0.9,4.0,2.1,59,unknown,INDB 2024 recipe ASC273 (Cucumber raita (Kheere ka raita)); per-100 g x 100 g,per100g_scaled,Boondi raita has extra fried boondi (more fat/carbs).
pickle_tbsp,"Pickle (mango, oil-based)",আচার,अचार,ಉಪ್ಪಿನಕಾಯಿ,pickle;achar;achaar;aachar;aam ka achar;mango pickle;uppinakayi;avakaya;oorugai,pan,accompaniment,tbsp,1 tbsp (15 g),15,1.2,0.6,0.2,2.7,29,unknown,INDB 2024 recipe ASC507 (Mango pickle (Aam ka achaar)); per-100 g x 15 g,per100g_scaled,High in sodium.
salad_plate,Green salad (kachumber),স্যালাড,सलाद,ಸಲಾಡ್,salad;green salad;kachumber;kachumbar;cucumber salad;onion tomato cucumber;sliced salad,pan,accompaniment,plate,1 small plate (~115 g),115,5.3,2.2,1.0,0.2,28,unknown,Recipe-derived: cucumber 50 g [IFCT D043] + tomato 40 g [IFCT D075] + onion 20 g [IFCT G017] + lemon_juice 5 g [FDC 167747],recipe_derived,
kosambari_katori,Kosambari (moong dal salad),কোসাম্বারি,कोसंबरी,ಕೋಸಂಬರಿ,kosambari;kosumbari;hesaru bele kosambari;moong dal salad;cucumber kosambari,karnataka,accompaniment,katori,1 katori (~100 g),100,14.0,4.3,5.5,3.5,112,unknown,Recipe-derived: moong_dal 20 g [IFCT B010] + cucumber 50 g [IFCT D043] + carrot 20 g [IFCT F002] + coconut 5 g [IFCT H007] + lemon_juice 5 g [FDC 167747] + oil 1 g [FDC 171017],recipe_derived,Soaked (uncooked) moong dal; weight given dry.
coconut_chutney_tbsp,Coconut chutney,নারকেলের চাটনি,नारियल चटनी,ಕಾಯಿ ಚಟ್ನಿ,coconut chutney;kayi chutney;thengai chutney;nariyal chutney;white chutney;chutney,south,accompaniment,tbsp,1 tbsp (15 g),15,1.2,1.0,0.5,3.7,40,unknown,INDB 2024 recipe ASC386 (Coconut chutney (Nariyal ki chutney)); per-100 g x 15 g,per100g_scaled,Usually served as 2-3 tbsp with idli/dosa.
green_chutney_tbsp,Green chutney (mint-coriander),ধনেপাতার চাটনি,हरी चटनी,ಹಸಿರು ಚಟ್ನಿ,green chutney;hari chutney;pudina chutney;mint chutney;coriander chutney;dhania chutney,pan,accompaniment,tbsp,1 tbsp (15 g),15,3.2,0.7,0.4,0.1,15,unknown,INDB 2024 recipe ASC387 (Mint and coriander chutney (Pudinay aur dhaniye ki chutney)); per-100 g x 15 g,per100g_scaled,
ghee_tsp,Ghee (1 tsp),ঘি,घी,ತುಪ್ಪ,ghee;ghi;clarified butter;tuppa;neyyi;desi ghee,pan,accompaniment,serving,1 tsp (5 g),5,0.0,0.0,0.0,5.0,44,unknown,"USDA FDC 2710168 (FNDDS 2021-2023: Ghee, clarified butter); per-100 g x 5 g",per100g_scaled,
sugar_tsp,Sugar (1 tsp),চিনি,चीनी,ಸಕ್ಕರೆ,sugar;chini;cheeni;sakkare;white sugar;table sugar,pan,accompaniment,serving,1 tsp (5 g),5,5.0,0.0,0.0,0.0,19,medium,"USDA FDC 169655 (SR Legacy: Sugars, granulated); per-100 g x 5 g",per100g_scaled,GI: Atkinson 2008 Table 1 sucrose 65+/-4 (medium). Quantity is 1 teaspoon (5 g).
